,Descriptors,Coeff
935,935,1.45
2009,2009,1.33
202,202,1.26
1390,1390,1.2
1920,1920,1.2
573,573,1.17
1747,1747,1.16
1160,1160,1.16
689,689,1.01
1702,1702,0.98
1954,1954,0.94
609,609,0.93
1284,1284,0.9
875,875,0.9
1263,1263,0.9
1873,1873,0.89
559,559,0.87
725,725,0.86
1181,1181,0.84
992,992,0.84
925,925,0.83
1848,1848,0.81
1662,1662,0.8
1518,1518,0.79
1844,1844,0.79
465,465,0.79
1955,1955,0.79
1712,1712,0.78
1743,1743,0.78
1010,1010,0.77
1637,1637,0.77
1793,1793,0.76
806,806,0.76
889,889,0.75
1661,1661,0.75
160,160,0.75
1152,1152,0.75
1107,1107,0.74
1803,1803,0.74
2017,2017,0.74
1235,1235,0.73
2025,2025,0.73
750,750,0.73
1279,1279,0.72
34,34,0.72
860,860,0.72
475,475,0.71
507,507,0.71
655,655,0.71
1285,1285,0.7
754,754,0.7
1192,1192,0.7
1912,1912,0.69
1416,1416,0.69
1821,1821,0.69
2011,2011,0.68
58,58,0.68
1530,1530,0.68
648,648,0.68
1854,1854,0.68
1542,1542,0.68
494,494,0.67
864,864,0.67
472,472,0.67
1413,1413,0.67
703,703,0.67
1264,1264,0.67
734,734,0.67
560,560,0.66
1574,1574,0.66
242,242,0.66
989,989,0.66
1291,1291,0.65
358,358,0.65
1997,1997,0.65
1936,1936,0.64
732,732,0.64
1625,1625,0.64
1374,1374,0.63
931,931,0.63
211,211,0.63
1132,1132,0.63
348,348,0.63
1114,1114,0.62
455,455,0.62
859,859,0.62
1493,1493,0.61
1172,1172,0.61
641,641,0.61
92,92,0.61
1735,1735,0.61
1301,1301,0.6
1405,1405,0.6
1162,1162,0.6
1464,1464,0.6
1504,1504,0.59
1750,1750,0.59
1437,1437,0.58
1127,1127,0.58
1269,1269,0.58
1208,1208,0.58
1454,1454,0.57
132,132,0.57
637,637,0.57
728,728,0.57
396,396,0.57
1907,1907,0.57
1577,1577,0.57
1234,1234,0.56
1918,1918,0.56
2039,2039,0.56
756,756,0.56
281,281,0.56
1409,1409,0.56
906,906,0.56
1131,1131,0.56
964,964,0.55
704,704,0.54
1435,1435,0.54
1345,1345,0.54
1056,1056,0.54
956,956,0.54
1617,1617,0.53
1964,1964,0.53
586,586,0.53
557,557,0.53
596,596,0.53
1032,1032,0.53
527,527,0.52
511,511,0.52
1683,1683,0.52
1295,1295,0.52
1471,1471,0.51
1817,1817,0.51
1640,1640,0.51
384,384,0.51
1061,1061,0.51
1693,1693,0.51
1578,1578,0.51
858,858,0.51
661,661,0.5
659,659,0.5
1663,1663,0.5
1380,1380,0.5
1862,1862,0.5
666,666,0.5
1756,1756,0.5
1170,1170,0.49
1963,1963,0.49
162,162,0.49
1371,1371,0.49
121,121,0.49
176,176,0.48
1358,1358,0.48
1867,1867,0.48
1591,1591,0.48
650,650,0.48
1754,1754,0.48
1753,1753,0.48
1016,1016,0.48
443,443,0.48
1970,1970,0.48
1967,1967,0.48
1302,1302,0.47
346,346,0.47
1445,1445,0.47
2042,2042,0.47
38,38,0.47
1281,1281,0.47
1334,1334,0.47
855,855,0.46
53,53,0.46
271,271,0.46
1886,1886,0.46
409,409,0.46
1222,1222,0.46
400,400,0.46
1009,1009,0.46
1669,1669,0.46
938,938,0.46
598,598,0.46
1391,1391,0.46
627,627,0.46
1785,1785,0.46
1467,1467,0.46
663,663,0.45
178,178,0.45
1901,1901,0.45
197,197,0.45
1825,1825,0.45
191,191,0.45
441,441,0.44
230,230,0.44
1586,1586,0.44
1993,1993,0.44
267,267,0.44
827,827,0.44
263,263,0.43
418,418,0.43
2002,2002,0.43
1820,1820,0.42
1063,1063,0.42
1671,1671,0.42
712,712,0.42
647,647,0.42
216,216,0.42
1189,1189,0.42
1631,1631,0.42
1632,1632,0.42
506,506,0.42
1708,1708,0.42
1088,1088,0.42
1676,1676,0.41
1157,1157,0.41
154,154,0.41
909,909,0.41
1054,1054,0.41
1352,1352,0.41
2037,2037,0.41
746,746,0.41
1199,1199,0.41
885,885,0.41
10,10,0.41
1381,1381,0.4
1899,1899,0.4
891,891,0.4
1878,1878,0.4
285,285,0.4
1807,1807,0.4
1634,1634,0.4
558,558,0.4
993,993,0.4
943,943,0.4
1278,1278,0.4
1059,1059,0.4
1349,1349,0.4
76,76,0.39
415,415,0.39
95,95,0.39
679,679,0.39
1093,1093,0.39
1588,1588,0.39
870,870,0.39
1025,1025,0.39
1765,1765,0.39
736,736,0.39
1052,1052,0.39
1245,1245,0.39
626,626,0.39
1227,1227,0.39
583,583,0.39
43,43,0.38
913,913,0.38
1318,1318,0.38
167,167,0.38
1806,1806,0.38
1253,1253,0.38
1355,1355,0.38
769,769,0.38
1337,1337,0.38
155,155,0.38
1329,1329,0.38
1748,1748,0.37
1583,1583,0.37
289,289,0.37
1237,1237,0.37
1079,1079,0.37
1473,1473,0.37
1533,1533,0.37
1950,1950,0.37
1659,1659,0.37
1015,1015,0.37
1153,1153,0.37
101,101,0.37
1442,1442,0.37
1946,1946,0.37
304,304,0.37
504,504,0.37
1812,1812,0.37
1012,1012,0.36
421,421,0.36
156,156,0.36
2044,2044,0.36
561,561,0.36
1527,1527,0.36
70,70,0.36
1246,1246,0.36
1478,1478,0.36
791,791,0.36
835,835,0.36
1984,1984,0.36
612,612,0.36
1647,1647,0.35
484,484,0.35
1697,1697,0.35
318,318,0.35
582,582,0.35
1415,1415,0.35
541,541,0.35
2000,2000,0.35
1124,1124,0.35
1772,1772,0.35
831,831,0.34
851,851,0.34
322,322,0.34
1332,1332,0.34
203,203,0.34
1427,1427,0.34
764,764,0.34
1888,1888,0.34
617,617,0.34
1231,1231,0.34
220,220,0.34
854,854,0.33
1680,1680,0.33
574,574,0.33
687,687,0.33
28,28,0.33
1667,1667,0.33
11,11,0.33
86,86,0.33
1074,1074,0.33
1976,1976,0.33
1159,1159,0.33
221,221,0.33
1983,1983,0.33
1874,1874,0.33
1495,1495,0.33
945,945,0.32
165,165,0.32
404,404,0.32
1719,1719,0.32
1436,1436,0.32
526,526,0.32
1698,1698,0.32
359,359,0.32
672,672,0.32
469,469,0.32
1568,1568,0.32
911,911,0.32
983,983,0.32
786,786,0.32
867,867,0.32
569,569,0.31
79,79,0.31
1146,1146,0.31
2015,2015,0.31
1688,1688,0.31
1361,1361,0.31
521,521,0.31
1884,1884,0.31
986,986,0.31
327,327,0.31
597,597,0.31
1305,1305,0.31
1787,1787,0.31
578,578,0.31
1003,1003,0.31
1644,1644,0.31
1158,1158,0.31
751,751,0.3
117,117,0.3
1600,1600,0.3
1610,1610,0.3
1178,1178,0.3
698,698,0.3
250,250,0.3
141,141,0.3
676,676,0.3
143,143,0.3
1710,1710,0.3
1626,1626,0.3
480,480,0.3
1529,1529,0.3
1776,1776,0.29
1299,1299,0.29
809,809,0.29
1023,1023,0.29
64,64,0.29
1999,1999,0.29
48,48,0.29
1000,1000,0.29
1602,1602,0.29
668,668,0.29
209,209,0.29
107,107,0.29
605,605,0.29
811,811,0.29
102,102,0.29
1868,1868,0.29
1879,1879,0.28
961,961,0.28
476,476,0.28
1303,1303,0.28
1357,1357,0.28
450,450,0.28
1576,1576,0.28
1545,1545,0.28
997,997,0.28
1319,1319,0.28
1584,1584,0.28
103,103,0.28
25,25,0.28
1248,1248,0.28
1847,1847,0.28
787,787,0.28
461,461,0.28
1142,1142,0.28
1624,1624,0.28
1203,1203,0.28
27,27,0.28
850,850,0.28
1477,1477,0.28
1251,1251,0.27
1382,1382,0.27
324,324,0.27
1734,1734,0.27
2034,2034,0.27
497,497,0.27
1499,1499,0.27
1455,1455,0.27
1546,1546,0.27
2024,2024,0.27
23,23,0.27
575,575,0.27
66,66,0.27
723,723,0.27
119,119,0.27
702,702,0.27
1419,1419,0.26
99,99,0.26
535,535,0.26
100,100,0.26
1439,1439,0.26
1179,1179,0.26
148,148,0.26
411,411,0.26
373,373,0.26
1988,1988,0.26
386,386,0.26
1905,1905,0.26
269,269,0.26
1258,1258,0.26
1731,1731,0.26
686,686,0.26
1766,1766,0.26
422,422,0.26
1978,1978,0.26
336,336,0.26
168,168,0.26
1982,1982,0.25
1850,1850,0.25
1692,1692,0.25
1510,1510,0.25
474,474,0.25
834,834,0.25
1929,1929,0.25
36,36,0.25
779,779,0.25
1695,1695,0.25
774,774,0.25
1183,1183,0.25
1190,1190,0.25
1393,1393,0.25
1694,1694,0.25
1212,1212,0.25
173,173,0.25
1451,1451,0.24
896,896,0.24
894,894,0.24
603,603,0.24
1417,1417,0.24
1341,1341,0.24
1287,1287,0.24
1823,1823,0.24
1678,1678,0.24
1607,1607,0.24
1098,1098,0.24
846,846,0.24
531,531,0.24
1138,1138,0.24
537,537,0.24
830,830,0.24
815,815,0.24
1209,1209,0.24
700,700,0.24
1718,1718,0.24
97,97,0.24
2008,2008,0.24
425,425,0.24
412,412,0.24
402,402,0.24
57,57,0.24
2045,2045,0.23
383,383,0.23
1268,1268,0.23
1221,1221,0.23
1909,1909,0.23
602,602,0.23
1926,1926,0.23
1177,1177,0.23
352,352,0.23
910,910,0.23
198,198,0.23
187,187,0.23
1182,1182,0.23
398,398,0.23
848,848,0.23
789,789,0.23
353,353,0.23
341,341,0.23
328,328,0.22
83,83,0.22
283,283,0.22
707,707,0.22
1338,1338,0.22
1462,1462,0.22
1721,1721,0.22
395,395,0.22
1788,1788,0.22
1205,1205,0.22
1686,1686,0.22
927,927,0.22
1914,1914,0.22
652,652,0.22
658,658,0.22
499,499,0.22
369,369,0.22
419,419,0.22
1736,1736,0.22
229,229,0.22
1086,1086,0.22
14,14,0.22
1033,1033,0.22
158,158,0.21
1155,1155,0.21
18,18,0.21
711,711,0.21
984,984,0.21
713,713,0.21
690,690,0.21
1350,1350,0.21
784,784,0.21
562,562,0.21
113,113,0.21
520,520,0.21
1306,1306,0.21
1501,1501,0.21
379,379,0.21
532,532,0.21
1468,1468,0.2
1320,1320,0.2
887,887,0.2
136,136,0.2
131,131,0.2
108,108,0.2
22,22,0.2
306,306,0.2
315,315,0.2
664,664,0.2
305,305,0.2
459,459,0.2
1134,1134,0.2
1101,1101,0.2
47,47,0.2
1185,1185,0.2
920,920,0.2
852,852,0.2
775,775,0.2
2033,2033,0.19
39,39,0.19
886,886,0.19
1148,1148,0.19
1784,1784,0.19
1580,1580,0.19
382,382,0.19
763,763,0.19
1987,1987,0.19
50,50,0.19
1547,1547,0.19
836,836,0.19
901,901,0.19
1339,1339,0.19
1333,1333,0.19
1109,1109,0.18
1980,1980,0.18
758,758,0.18
29,29,0.18
1519,1519,0.18
1490,1490,0.18
628,628,0.18
893,893,0.18
1218,1218,0.18
544,544,0.18
1841,1841,0.18
1422,1422,0.18
1858,1858,0.18
1325,1325,0.18
35,35,0.18
205,205,0.18
1282,1282,0.18
1150,1150,0.18
1064,1064,0.18
1270,1270,0.17
1670,1670,0.17
1266,1266,0.17
213,213,0.17
1486,1486,0.17
793,793,0.17
1141,1141,0.17
257,257,0.17
1916,1916,0.17
624,624,0.17
1797,1797,0.17
1727,1727,0.17
317,317,0.17
1095,1095,0.17
264,264,0.17
607,607,0.17
1094,1094,0.17
1855,1855,0.17
1800,1800,0.17
1310,1310,0.17
741,741,0.17
957,957,0.17
273,273,0.17
701,701,0.17
1779,1779,0.17
1822,1822,0.16
675,675,0.16
40,40,0.16
1524,1524,0.16
1650,1650,0.16
802,802,0.16
1668,1668,0.16
24,24,0.16
212,212,0.16
936,936,0.16
2021,2021,0.16
1932,1932,0.16
1068,1068,0.16
1572,1572,0.16
1991,1991,0.16
1589,1589,0.16
129,129,0.16
1774,1774,0.15
876,876,0.15
821,821,0.15
152,152,0.15
1362,1362,0.15
824,824,0.15
385,385,0.15
991,991,0.15
1566,1566,0.15
944,944,0.15
1853,1853,0.15
249,249,0.15
1347,1347,0.15
1622,1622,0.15
185,185,0.15
1017,1017,0.15
54,54,0.15
1746,1746,0.15
553,553,0.15
556,556,0.15
1220,1220,0.14
1408,1408,0.14
1336,1336,0.14
861,861,0.14
1555,1555,0.14
1814,1814,0.14
1928,1928,0.14
1489,1489,0.14
853,853,0.14
485,485,0.14
473,473,0.14
633,633,0.14
1894,1894,0.14
31,31,0.14
437,437,0.14
87,87,0.14
240,240,0.14
656,656,0.14
208,208,0.14
495,495,0.14
542,542,0.14
1541,1541,0.14
771,771,0.14
111,111,0.13
1941,1941,0.13
1321,1321,0.13
2022,2022,0.13
293,293,0.13
534,534,0.13
735,735,0.13
1307,1307,0.13
88,88,0.13
722,722,0.13
1062,1062,0.13
1715,1715,0.13
498,498,0.13
1992,1992,0.13
30,30,0.13
2031,2031,0.13
1369,1369,0.13
942,942,0.13
629,629,0.13
236,236,0.13
977,977,0.13
416,416,0.13
1418,1418,0.13
688,688,0.13
1014,1014,0.13
78,78,0.12
1917,1917,0.12
490,490,0.12
1805,1805,0.12
1020,1020,0.12
529,529,0.12
501,501,0.12
1022,1022,0.12
389,389,0.12
1845,1845,0.12
839,839,0.12
1123,1123,0.12
567,567,0.12
912,912,0.12
1949,1949,0.12
1620,1620,0.12
724,724,0.12
49,49,0.12
1835,1835,0.12
366,366,0.12
2036,2036,0.12
1140,1140,0.12
1934,1934,0.12
966,966,0.12
1544,1544,0.12
483,483,0.12
1870,1870,0.12
768,768,0.11
1304,1304,0.11
510,510,0.11
1104,1104,0.11
1903,1903,0.11
1375,1375,0.11
1895,1895,0.11
693,693,0.11
428,428,0.11
1975,1975,0.11
329,329,0.11
1833,1833,0.11
1195,1195,0.11
916,916,0.11
424,424,0.11
946,946,0.11
433,433,0.11
1789,1789,0.11
1831,1831,0.11
1866,1866,0.11
1700,1700,0.11
528,528,0.11
1144,1144,0.11
219,219,0.11
124,124,0.11
739,739,0.11
390,390,0.11
468,468,0.11
1505,1505,0.11
1129,1129,0.11
1860,1860,0.11
1233,1233,0.11
716,716,0.11
1931,1931,0.11
345,345,0.1
1049,1049,0.1
65,65,0.1
1118,1118,0.1
1876,1876,0.1
960,960,0.1
1559,1559,0.1
1111,1111,0.1
930,930,0.1
247,247,0.1
1998,1998,0.1
488,488,0.1
614,614,0.1
1387,1387,0.1
539,539,0.1
377,377,0.1
1404,1404,0.1
533,533,0.1
2007,2007,0.1
1532,1532,0.1
91,91,0.1
1342,1342,0.1
174,174,0.1
545,545,0.1
406,406,0.1
589,589,0.1
445,445,0.1
1344,1344,0.1
616,616,0.1
308,308,0.09
199,199,0.09
828,828,0.09
856,856,0.09
69,69,0.09
947,947,0.09
743,743,0.09
1664,1664,0.09
142,142,0.09
1677,1677,0.09
1816,1816,0.09
740,740,0.09
692,692,0.09
1007,1007,0.09
1769,1769,0.09
295,295,0.09
581,581,0.09
371,371,0.09
1469,1469,0.09
1075,1075,0.09
1538,1538,0.09
332,332,0.09
255,255,0.09
884,884,0.09
1503,1503,0.09
1411,1411,0.09
1896,1896,0.09
1081,1081,0.08
1550,1550,0.08
727,727,0.08
1070,1070,0.08
241,241,0.08
2005,2005,0.08
430,430,0.08
635,635,0.08
1089,1089,0.08
1116,1116,0.08
924,924,0.08
89,89,0.08
819,819,0.08
808,808,0.08
595,595,0.08
1316,1316,0.08
777,777,0.08
1594,1594,0.08
1595,1595,0.08
865,865,0.07
1377,1377,0.07
1567,1567,0.07
995,995,0.07
2046,2046,0.07
665,665,0.07
760,760,0.07
1008,1008,0.07
133,133,0.07
800,800,0.07
1432,1432,0.07
1217,1217,0.07
1856,1856,0.07
1394,1394,0.07
1261,1261,0.07
2,2,0.07
976,976,0.07
841,841,0.07
1690,1690,0.07
1461,1461,0.07
950,950,0.07
1649,1649,0.07
138,138,0.07
397,397,0.07
1990,1990,0.07
516,516,0.06
423,423,0.06
1517,1517,0.06
530,530,0.06
974,974,0.06
1402,1402,0.06
1206,1206,0.06
1871,1871,0.06
313,313,0.06
115,115,0.06
120,120,0.06
286,286,0.06
795,795,0.06
1972,1972,0.06
1857,1857,0.06
731,731,0.06
192,192,0.06
804,804,0.06
1296,1296,0.06
1496,1496,0.06
405,405,0.05
1726,1726,0.05
1244,1244,0.05
1087,1087,0.05
1130,1130,0.05
1571,1571,0.05
1749,1749,0.05
1180,1180,0.05
720,720,0.05
755,755,0.05
1229,1229,0.05
1099,1099,0.05
166,166,0.05
1450,1450,0.05
1682,1682,0.05
1139,1139,0.05
934,934,0.05
1511,1511,0.05
549,549,0.05
968,968,0.05
1470,1470,0.05
1872,1872,0.05
752,752,0.05
803,803,0.04
1466,1466,0.04
444,444,0.04
592,592,0.04
1271,1271,0.04
432,432,0.04
2006,2006,0.04
733,733,0.04
262,262,0.04
349,349,0.04
1537,1537,0.04
1945,1945,0.04
1428,1428,0.04
1885,1885,0.04
645,645,0.04
1230,1230,0.04
879,879,0.04
1609,1609,0.04
1738,1738,0.04
2010,2010,0.04
1193,1193,0.04
1781,1781,0.03
674,674,0.03
226,226,0.03
928,928,0.03
1164,1164,0.03
1096,1096,0.03
951,951,0.03
500,500,0.03
1940,1940,0.03
1813,1813,0.03
1590,1590,0.03
1859,1859,0.03
140,140,0.03
1732,1732,0.03
801,801,0.03
600,600,0.03
639,639,0.03
194,194,0.03
866,866,0.03
1554,1554,0.03
1782,1782,0.03
282,282,0.03
646,646,0.03
106,106,0.02
745,745,0.02
981,981,0.02
1055,1055,0.02
536,536,0.02
1730,1730,0.02
361,361,0.02
1799,1799,0.02
265,265,0.02
1989,1989,0.02
1615,1615,0.02
1951,1951,0.02
1601,1601,0.02
1119,1119,0.02
5,5,0.02
1187,1187,0.02
297,297,0.02
1839,1839,0.02
538,538,0.02
1553,1553,0.02
1612,1612,0.02
1385,1385,0.02
1327,1327,0.02
434,434,0.02
266,266,0.02
1520,1520,0.02
1395,1395,0.02
1488,1488,0.01
812,812,0.01
1039,1039,0.01
186,186,0.01
888,888,0.01
1551,1551,0.01
513,513,0.01
1196,1196,0.01
1795,1795,0.01
330,330,0.01
1242,1242,0.01
1890,1890,0.01
171,171,0.01
903,903,0.01
1523,1523,0.01
1078,1078,0.01
1367,1367,0.01
278,278,0.01
971,971,0.01
104,104,0.01
1648,1648,0.01
829,829,0.01
90,90,0.01
982,982,0.01
1224,1224,-0.0
677,677,-0.0
1898,1898,-0.0
1832,1832,0.0
792,792,-0.0
512,512,0.0
1433,1433,-0.0
486,486,0.0
1420,1420,0.0
375,375,-0.0
1755,1755,-0.0
387,387,-0.0
1173,1173,0.0
67,67,-0.0
1388,1388,0.0
1293,1293,0.0
392,392,-0.0
799,799,0.0
1629,1629,-0.0
1372,1372,0.0
814,814,0.0
1521,1521,0.0
1852,1852,-0.01
290,290,-0.01
1137,1137,-0.01
1133,1133,-0.01
1985,1985,-0.01
1112,1112,-0.01
1939,1939,-0.01
195,195,-0.01
258,258,-0.01
869,869,-0.01
1565,1565,-0.01
1359,1359,-0.01
1958,1958,-0.01
413,413,-0.01
683,683,-0.01
880,880,-0.01
695,695,-0.01
399,399,-0.01
144,144,-0.01
210,210,-0.01
726,726,-0.01
393,393,-0.01
363,363,-0.01
757,757,-0.01
766,766,-0.01
376,376,-0.01
3,3,-0.01
1198,1198,-0.01
309,309,-0.01
1834,1834,-0.01
1709,1709,-0.01
300,300,-0.01
1002,1002,-0.01
969,969,-0.01
319,319,-0.01
46,46,-0.02
987,987,-0.02
632,632,-0.02
1658,1658,-0.02
818,818,-0.02
1440,1440,-0.02
125,125,-0.02
837,837,-0.02
568,568,-0.02
2013,2013,-0.02
1006,1006,-0.02
1051,1051,-0.02
1066,1066,-0.02
347,347,-0.02
638,638,-0.02
1410,1410,-0.02
244,244,-0.02
653,653,-0.02
338,338,-0.02
1952,1952,-0.02
1742,1742,-0.02
1869,1869,-0.02
1120,1120,-0.02
193,193,-0.03
238,238,-0.03
1449,1449,-0.03
1188,1188,-0.03
1228,1228,-0.03
200,200,-0.03
1186,1186,-0.03
2014,2014,-0.03
1108,1108,-0.03
1995,1995,-0.03
1752,1752,-0.03
80,80,-0.03
1938,1938,-0.03
59,59,-0.03
1704,1704,-0.03
590,590,-0.03
917,917,-0.03
877,877,-0.03
847,847,-0.03
1882,1882,-0.03
502,502,-0.03
280,280,-0.03
1902,1902,-0.03
518,518,-0.03
1937,1937,-0.03
895,895,-0.03
1623,1623,-0.03
1944,1944,-0.03
234,234,-0.04
94,94,-0.04
460,460,-0.04
1317,1317,-0.04
1837,1837,-0.04
1654,1654,-0.04
217,217,-0.04
696,696,-0.04
13,13,-0.04
820,820,-0.04
1904,1904,-0.04
1452,1452,-0.04
457,457,-0.04
1274,1274,-0.04
708,708,-0.04
224,224,-0.04
1069,1069,-0.04
1053,1053,-0.04
1563,1563,-0.04
1687,1687,-0.04
134,134,-0.04
890,890,-0.04
201,201,-0.04
1071,1071,-0.04
785,785,-0.04
1379,1379,-0.04
1492,1492,-0.04
1351,1351,-0.04
1531,1531,-0.05
391,391,-0.05
634,634,-0.05
1801,1801,-0.05
1767,1767,-0.05
1076,1076,-0.05
225,225,-0.05
122,122,-0.05
1986,1986,-0.05
1522,1522,-0.05
1889,1889,-0.05
1919,1919,-0.05
1207,1207,-0.05
1191,1191,-0.05
1038,1038,-0.05
1791,1791,-0.05
2030,2030,-0.05
1027,1027,-0.05
1247,1247,-0.05
555,555,-0.05
1407,1407,-0.05
407,407,-0.05
17,17,-0.05
849,849,-0.05
1383,1383,-0.05
651,651,-0.05
1666,1666,-0.05
447,447,-0.06
551,551,-0.06
1630,1630,-0.06
719,719,-0.06
744,744,-0.06
694,694,-0.06
1376,1376,-0.06
842,842,-0.06
840,840,-0.06
71,71,-0.06
825,825,-0.06
1604,1604,-0.06
114,114,-0.06
1808,1808,-0.06
248,248,-0.06
1811,1811,-0.06
1276,1276,-0.07
729,729,-0.07
631,631,-0.07
1175,1175,-0.07
1628,1628,-0.07
1446,1446,-0.07
1213,1213,-0.07
1447,1447,-0.07
1252,1252,-0.07
367,367,-0.07
1887,1887,-0.07
902,902,-0.07
1720,1720,-0.07
72,72,-0.07
810,810,-0.07
2041,2041,-0.07
1672,1672,-0.07
565,565,-0.07
1163,1163,-0.07
1013,1013,-0.07
546,546,-0.07
374,374,-0.07
1335,1335,-0.07
1457,1457,-0.07
718,718,-0.07
1960,1960,-0.07
826,826,-0.08
215,215,-0.08
351,351,-0.08
1216,1216,-0.08
466,466,-0.08
1373,1373,-0.08
2035,2035,-0.08
615,615,-0.08
671,671,-0.08
1034,1034,-0.08
1026,1026,-0.08
1745,1745,-0.08
604,604,-0.08
709,709,-0.08
515,515,-0.08
1691,1691,-0.08
967,967,-0.08
452,452,-0.08
2040,2040,-0.08
1513,1513,-0.08
320,320,-0.08
1638,1638,-0.08
594,594,-0.08
776,776,-0.08
1458,1458,-0.08
770,770,-0.08
619,619,-0.09
1900,1900,-0.09
16,16,-0.09
781,781,-0.09
1528,1528,-0.09
1406,1406,-0.09
1786,1786,-0.09
765,765,-0.09
710,710,-0.09
137,137,-0.09
721,721,-0.09
1323,1323,-0.09
585,585,-0.09
730,730,-0.09
378,378,-0.09
1891,1891,-0.09
1927,1927,-0.09
1598,1598,-0.09
1018,1018,-0.09
1933,1933,-0.09
303,303,-0.09
310,310,-0.09
1646,1646,-0.09
953,953,-0.09
1184,1184,-0.09
1707,1707,-0.09
1443,1443,-0.09
873,873,-0.09
1384,1384,-0.09
354,354,-0.09
1582,1582,-0.1
1877,1877,-0.1
640,640,-0.1
1717,1717,-0.1
1636,1636,-0.1
1957,1957,-0.1
2003,2003,-0.1
1067,1067,-0.1
1581,1581,-0.1
96,96,-0.1
662,662,-0.1
456,456,-0.1
1424,1424,-0.1
1977,1977,-0.1
1340,1340,-0.1
1156,1156,-0.1
429,429,-0.1
302,302,-0.1
1849,1849,-0.1
1438,1438,-0.1
807,807,-0.1
788,788,-0.1
1421,1421,-0.1
778,778,-0.1
1968,1968,-0.1
1040,1040,-0.11
370,370,-0.11
149,149,-0.11
523,523,-0.11
1324,1324,-0.11
477,477,-0.11
1851,1851,-0.11
817,817,-0.11
678,678,-0.11
872,872,-0.11
813,813,-0.11
1331,1331,-0.11
440,440,-0.11
478,478,-0.11
401,401,-0.11
965,965,-0.11
742,742,-0.11
1001,1001,-0.11
1935,1935,-0.11
905,905,-0.11
1824,1824,-0.11
636,636,-0.11
45,45,-0.11
543,543,-0.11
761,761,-0.11
1969,1969,-0.11
838,838,-0.11
874,874,-0.11
1681,1681,-0.11
435,435,-0.11
1389,1389,-0.12
1716,1716,-0.12
1057,1057,-0.12
1401,1401,-0.12
1045,1045,-0.12
1476,1476,-0.12
1117,1117,-0.12
1115,1115,-0.12
611,611,-0.12
1171,1171,-0.12
253,253,-0.12
1758,1758,-0.12
357,357,-0.12
388,388,-0.12
128,128,-0.12
1740,1740,-0.12
26,26,-0.12
180,180,-0.12
940,940,-0.12
773,773,-0.12
772,772,-0.12
994,994,-0.12
1448,1448,-0.12
1219,1219,-0.12
1836,1836,-0.12
1225,1225,-0.12
1826,1826,-0.12
325,325,-0.12
1386,1386,-0.13
1843,1843,-0.13
1300,1300,-0.13
1286,1286,-0.13
1536,1536,-0.13
1587,1587,-0.13
657,657,-0.13
1792,1792,-0.13
1243,1243,-0.13
1573,1573,-0.13
1330,1330,-0.13
1863,1863,-0.13
1151,1151,-0.13
1947,1947,-0.13
1475,1475,-0.13
952,952,-0.13
1169,1169,-0.13
973,973,-0.13
1804,1804,-0.13
816,816,-0.13
1689,1689,-0.14
621,621,-0.14
1713,1713,-0.14
123,123,-0.14
2026,2026,-0.14
1783,1783,-0.14
482,482,-0.14
1105,1105,-0.14
1618,1618,-0.14
206,206,-0.14
699,699,-0.14
1965,1965,-0.14
1830,1830,-0.14
863,863,-0.14
681,681,-0.14
1679,1679,-0.14
163,163,-0.14
1842,1842,-0.14
334,334,-0.14
915,915,-0.14
1913,1913,-0.14
958,958,-0.14
644,644,-0.14
1725,1725,-0.14
1472,1472,-0.15
508,508,-0.15
259,259,-0.15
1267,1267,-0.15
577,577,-0.15
883,883,-0.15
52,52,-0.15
517,517,-0.15
1699,1699,-0.15
1762,1762,-0.15
990,990,-0.15
337,337,-0.15
897,897,-0.15
922,922,-0.15
929,929,-0.15
580,580,-0.15
576,576,-0.15
1326,1326,-0.15
618,618,-0.15
438,438,-0.15
1288,1288,-0.15
1354,1354,-0.15
1090,1090,-0.15
1526,1526,-0.15
1072,1072,-0.15
685,685,-0.15
1525,1525,-0.15
762,762,-0.15
287,287,-0.15
587,587,-0.15
1091,1091,-0.15
1540,1540,-0.15
1050,1050,-0.15
170,170,-0.15
1197,1197,-0.16
118,118,-0.16
547,547,-0.16
1168,1168,-0.16
1167,1167,-0.16
277,277,-0.16
427,427,-0.16
1790,1790,-0.16
892,892,-0.16
190,190,-0.16
1642,1642,-0.16
1552,1552,-0.16
822,822,-0.16
525,525,-0.16
1893,1893,-0.16
82,82,-0.16
1962,1962,-0.16
1047,1047,-0.16
1030,1030,-0.16
1011,1011,-0.16
1004,1004,-0.16
1434,1434,-0.16
1485,1485,-0.16
622,622,-0.16
243,243,-0.16
1777,1777,-0.17
1711,1711,-0.17
1915,1915,-0.17
471,471,-0.17
1881,1881,-0.17
654,654,-0.17
667,667,-0.17
1356,1356,-0.17
181,181,-0.17
747,747,-0.17
1309,1309,-0.17
767,767,-0.17
1722,1722,-0.17
189,189,-0.17
1260,1260,-0.17
356,356,-0.17
223,223,-0.17
1430,1430,-0.17
214,214,-0.17
1241,1241,-0.17
1214,1214,-0.17
904,904,-0.17
907,907,-0.17
237,237,-0.17
1506,1506,-0.18
1773,1773,-0.18
1705,1705,-0.18
2038,2038,-0.18
1643,1643,-0.18
63,63,-0.18
1703,1703,-0.18
1103,1103,-0.18
563,563,-0.18
1165,1165,-0.18
1298,1298,-0.18
1044,1044,-0.18
1348,1348,-0.18
1908,1908,-0.18
1254,1254,-0.18
593,593,-0.18
1961,1961,-0.18
682,682,-0.18
918,918,-0.18
1122,1122,-0.18
1041,1041,-0.18
493,493,-0.18
1121,1121,-0.18
684,684,-0.18
642,642,-0.18
613,613,-0.19
311,311,-0.19
1353,1353,-0.19
1028,1028,-0.19
417,417,-0.19
1608,1608,-0.19
706,706,-0.19
1794,1794,-0.19
1147,1147,-0.19
1021,1021,-0.19
1759,1759,-0.19
1674,1674,-0.19
33,33,-0.19
12,12,-0.19
796,796,-0.19
524,524,-0.19
1482,1482,-0.19
1036,1036,-0.19
1979,1979,-0.19
1463,1463,-0.19
1460,1460,-0.19
1453,1453,-0.19
481,481,-0.19
1770,1770,-0.19
21,21,-0.19
1414,1414,-0.19
1515,1515,-0.19
783,783,-0.2
805,805,-0.2
919,919,-0.2
1102,1102,-0.2
1497,1497,-0.2
372,372,-0.2
955,955,-0.2
1201,1201,-0.2
360,360,-0.2
1514,1514,-0.2
4,4,-0.2
2023,2023,-0.2
37,37,-0.2
522,522,-0.2
394,394,-0.2
1110,1110,-0.2
55,55,-0.2
56,56,-0.2
1723,1723,-0.2
1657,1657,-0.2
2004,2004,-0.2
420,420,-0.2
261,261,-0.21
1073,1073,-0.21
291,291,-0.21
1200,1200,-0.21
362,362,-0.21
1775,1775,-0.21
1597,1597,-0.21
1204,1204,-0.21
188,188,-0.21
503,503,-0.21
509,509,-0.21
1507,1507,-0.21
1971,1971,-0.21
566,566,-0.21
1558,1558,-0.21
899,899,-0.21
312,312,-0.21
355,355,-0.21
1232,1232,-0.21
1959,1959,-0.21
868,868,-0.21
1255,1255,-0.21
2027,2027,-0.22
1751,1751,-0.22
228,228,-0.22
1480,1480,-0.22
1400,1400,-0.22
1294,1294,-0.22
1399,1399,-0.22
1215,1215,-0.22
41,41,-0.22
1741,1741,-0.22
601,601,-0.22
1311,1311,-0.22
182,182,-0.22
878,878,-0.22
1974,1974,-0.22
340,340,-0.23
954,954,-0.23
1031,1031,-0.23
1561,1561,-0.23
1880,1880,-0.23
1145,1145,-0.23
1136,1136,-0.23
1280,1280,-0.23
2001,2001,-0.23
1549,1549,-0.23
680,680,-0.23
179,179,-0.23
552,552,-0.23
1498,1498,-0.23
268,268,-0.23
908,908,-0.24
959,959,-0.24
462,462,-0.24
1360,1360,-0.24
962,962,-0.24
570,570,-0.24
1423,1423,-0.24
449,449,-0.24
1363,1363,-0.24
832,832,-0.24
0,0,-0.24
669,669,-0.24
1653,1653,-0.24
294,294,-0.24
1174,1174,-0.24
738,738,-0.24
73,73,-0.24
1135,1135,-0.24
1579,1579,-0.24
1603,1603,-0.24
797,797,-0.24
505,505,-0.25
670,670,-0.25
292,292,-0.25
1596,1596,-0.25
2028,2028,-0.25
1534,1534,-0.25
1366,1366,-0.25
2019,2019,-0.25
1005,1005,-0.25
1249,1249,-0.25
20,20,-0.26
68,68,-0.26
1084,1084,-0.26
74,74,-0.26
159,159,-0.26
75,75,-0.26
1906,1906,-0.26
1827,1827,-0.26
326,326,-0.26
436,436,-0.26
591,591,-0.26
139,139,-0.26
1516,1516,-0.26
6,6,-0.26
1861,1861,-0.26
1778,1778,-0.26
1429,1429,-0.26
464,464,-0.26
365,365,-0.26
1675,1675,-0.27
1444,1444,-0.27
1512,1512,-0.27
232,232,-0.27
1818,1818,-0.27
1539,1539,-0.27
1685,1685,-0.27
571,571,-0.27
643,643,-0.27
161,161,-0.27
1210,1210,-0.27
921,921,-0.27
1652,1652,-0.27
254,254,-0.27
77,77,-0.27
1840,1840,-0.27
1865,1865,-0.27
288,288,-0.27
999,999,-0.27
798,798,-0.28
299,299,-0.28
1923,1923,-0.28
579,579,-0.28
1368,1368,-0.28
153,153,-0.28
1403,1403,-0.28
32,32,-0.28
1113,1113,-0.28
335,335,-0.28
1815,1815,-0.28
715,715,-0.28
112,112,-0.28
1614,1614,-0.29
314,314,-0.29
316,316,-0.29
1864,1864,-0.29
1491,1491,-0.29
1829,1829,-0.29
260,260,-0.29
823,823,-0.29
368,368,-0.29
1308,1308,-0.29
301,301,-0.3
1292,1292,-0.3
1875,1875,-0.3
1673,1673,-0.3
1441,1441,-0.3
1125,1125,-0.3
196,196,-0.3
1930,1930,-0.3
1757,1757,-0.3
1077,1077,-0.3
584,584,-0.3
1921,1921,-0.3
857,857,-0.3
1701,1701,-0.3
1313,1313,-0.3
1058,1058,-0.3
697,697,-0.3
1924,1924,-0.31
2047,2047,-0.31
1262,1262,-0.31
81,81,-0.31
1315,1315,-0.31
42,42,-0.31
487,487,-0.31
1494,1494,-0.31
1502,1502,-0.31
307,307,-0.31
84,84,-0.31
599,599,-0.31
882,882,-0.31
1046,1046,-0.31
446,446,-0.31
1275,1275,-0.31
1194,1194,-0.31
1763,1763,-0.32
985,985,-0.32
606,606,-0.32
333,333,-0.32
109,109,-0.32
717,717,-0.32
1202,1202,-0.32
1739,1739,-0.32
1080,1080,-0.32
1798,1798,-0.32
790,790,-0.32
1724,1724,-0.32
204,204,-0.32
1100,1100,-0.32
1097,1097,-0.32
1161,1161,-0.32
1474,1474,-0.32
630,630,-0.32
2016,2016,-0.33
1481,1481,-0.33
1465,1465,-0.33
98,98,-0.33
364,364,-0.33
145,145,-0.33
972,972,-0.33
1277,1277,-0.33
431,431,-0.33
1065,1065,-0.33
660,660,-0.33
1259,1259,-0.33
1250,1250,-0.33
175,175,-0.33
1239,1239,-0.33
15,15,-0.33
467,467,-0.34
410,410,-0.34
7,7,-0.34
1043,1043,-0.34
1143,1143,-0.34
1838,1838,-0.34
1981,1981,-0.34
246,246,-0.34
996,996,-0.34
748,748,-0.34
1605,1605,-0.34
949,949,-0.34
1562,1562,-0.34
1560,1560,-0.34
1273,1273,-0.35
1019,1019,-0.35
941,941,-0.35
116,116,-0.35
1265,1265,-0.35
975,975,-0.35
881,881,-0.35
110,110,-0.35
489,489,-0.35
274,274,-0.35
1606,1606,-0.35
150,150,-0.35
339,339,-0.35
2012,2012,-0.35
608,608,-0.35
157,157,-0.35
177,177,-0.36
275,275,-0.36
1166,1166,-0.36
218,218,-0.36
1042,1042,-0.36
1973,1973,-0.36
620,620,-0.36
705,705,-0.36
782,782,-0.36
759,759,-0.36
1780,1780,-0.36
8,8,-0.36
127,127,-0.36
1398,1398,-0.37
1611,1611,-0.37
2020,2020,-0.37
1106,1106,-0.37
1396,1396,-0.37
1509,1509,-0.37
1996,1996,-0.37
978,978,-0.37
1627,1627,-0.37
19,19,-0.37
1370,1370,-0.37
169,169,-0.37
272,272,-0.37
554,554,-0.37
1029,1029,-0.38
1621,1621,-0.38
1211,1211,-0.38
51,51,-0.38
1828,1828,-0.38
1651,1651,-0.38
408,408,-0.38
1764,1764,-0.38
403,403,-0.38
623,623,-0.38
1655,1655,-0.39
470,470,-0.39
833,833,-0.39
1744,1744,-0.39
1819,1819,-0.39
625,625,-0.39
331,331,-0.39
1994,1994,-0.39
1508,1508,-0.39
1364,1364,-0.39
454,454,-0.4
1953,1953,-0.4
491,491,-0.4
442,442,-0.4
979,979,-0.4
1048,1048,-0.4
414,414,-0.4
62,62,-0.4
1459,1459,-0.4
1290,1290,-0.4
1556,1556,-0.4
1092,1092,-0.4
380,380,-0.41
235,235,-0.41
1796,1796,-0.41
933,933,-0.41
1297,1297,-0.41
1500,1500,-0.41
1037,1037,-0.41
350,350,-0.41
1328,1328,-0.41
130,130,-0.41
564,564,-0.41
1176,1176,-0.41
270,270,-0.42
172,172,-0.42
1378,1378,-0.42
439,439,-0.42
233,233,-0.42
1665,1665,-0.42
231,231,-0.42
1575,1575,-0.42
844,844,-0.43
1483,1483,-0.43
44,44,-0.43
1911,1911,-0.43
1966,1966,-0.43
1639,1639,-0.43
1226,1226,-0.43
1706,1706,-0.43
93,93,-0.43
1,1,-0.43
998,998,-0.43
1238,1238,-0.43
1240,1240,-0.43
1272,1272,-0.43
923,923,-0.43
1846,1846,-0.44
1479,1479,-0.44
453,453,-0.44
183,183,-0.44
714,714,-0.44
251,251,-0.44
1802,1802,-0.44
146,146,-0.44
1083,1083,-0.44
1412,1412,-0.44
85,85,-0.44
1548,1548,-0.45
1897,1897,-0.45
279,279,-0.45
1149,1149,-0.45
1365,1365,-0.45
1425,1425,-0.45
1543,1543,-0.46
1256,1256,-0.46
1810,1810,-0.46
1729,1729,-0.46
1128,1128,-0.46
492,492,-0.46
963,963,-0.46
164,164,-0.46
1696,1696,-0.47
284,284,-0.47
845,845,-0.47
245,245,-0.47
1570,1570,-0.47
1557,1557,-0.47
649,649,-0.47
1535,1535,-0.47
323,323,-0.48
222,222,-0.48
1257,1257,-0.48
948,948,-0.48
1761,1761,-0.48
1613,1613,-0.49
2029,2029,-0.49
898,898,-0.49
737,737,-0.49
1487,1487,-0.49
932,932,-0.5
1760,1760,-0.5
1024,1024,-0.51
871,871,-0.51
1656,1656,-0.51
572,572,-0.51
1633,1633,-0.51
1426,1426,-0.51
1392,1392,-0.51
1126,1126,-0.51
970,970,-0.51
939,939,-0.51
184,184,-0.52
1641,1641,-0.52
298,298,-0.52
61,61,-0.52
252,252,-0.52
550,550,-0.52
749,749,-0.52
588,588,-0.52
926,926,-0.53
862,862,-0.53
1728,1728,-0.53
1645,1645,-0.53
276,276,-0.53
381,381,-0.53
344,344,-0.54
256,256,-0.54
296,296,-0.54
321,321,-0.54
1809,1809,-0.54
135,135,-0.54
514,514,-0.54
1346,1346,-0.55
1599,1599,-0.55
1892,1892,-0.55
1484,1484,-0.55
1397,1397,-0.55
1619,1619,-0.56
1085,1085,-0.56
673,673,-0.56
1569,1569,-0.57
1922,1922,-0.57
1343,1343,-0.57
2018,2018,-0.57
1948,1948,-0.57
1943,1943,-0.57
105,105,-0.57
9,9,-0.57
1082,1082,-0.57
1768,1768,-0.58
1925,1925,-0.58
1289,1289,-0.58
1714,1714,-0.59
1883,1883,-0.59
1660,1660,-0.59
451,451,-0.59
914,914,-0.6
1312,1312,-0.6
126,126,-0.6
1283,1283,-0.6
900,900,-0.6
1593,1593,-0.6
1956,1956,-0.6
1592,1592,-0.61
1771,1771,-0.61
426,426,-0.61
1060,1060,-0.61
540,540,-0.61
239,239,-0.61
794,794,-0.62
60,60,-0.62
980,980,-0.62
1564,1564,-0.63
843,843,-0.63
1035,1035,-0.63
479,479,-0.64
610,610,-0.64
1314,1314,-0.64
448,448,-0.64
151,151,-0.64
227,227,-0.65
1942,1942,-0.65
496,496,-0.65
1456,1456,-0.65
2032,2032,-0.65
463,463,-0.67
988,988,-0.67
519,519,-0.67
342,342,-0.67
458,458,-0.68
691,691,-0.69
2043,2043,-0.7
1236,1236,-0.71
1910,1910,-0.71
1733,1733,-0.73
1223,1223,-0.73
753,753,-0.74
780,780,-0.75
1431,1431,-0.75
1154,1154,-0.77
1322,1322,-0.77
937,937,-0.78
1585,1585,-0.78
1616,1616,-0.79
343,343,-0.8
1635,1635,-0.8
1684,1684,-0.81
1737,1737,-0.82
147,147,-0.84
548,548,-0.98
207,207,-1.02
